﻿{"cameraMode":{"drawMode":0,"name":"Shaded","section":"Shading Mode"},"sceneLighting":true,"audioPlay":false,"sceneViewState":{"showFog":true,"showMaterialUpdate":false,"showSkybox":true,"showFlares":true,"showImageEffects":true,"showParticleSystems":true},"in2DMode":false,"pivot":{"x":-2.073324203491211,"y":-25.612651824951173,"z":17.999656677246095},"rotation":{"x":-0.44783642888069155,"y":0.05546000972390175,"z":-0.027845261618494989,"w":-0.8919641971588135},"size":35.88595962524414,"orthographic":false}